<?xml version="1.0" encoding="UTF-8"?>
<project-private xmlns="http://www.netbeans.org/ns/project-private/1">
    <editor-bookmarks xmlns="http://www.netbeans.org/ns/editor-bookmarks/2" lastBookmarkId="0"/>
    <open-files xmlns="http://www.netbeans.org/ns/projectui-open-files/2">
        <group>
            <file>file:/C:/Users/44789/Documents/NetBeansProjects/HyperMart/src/hypermart/shop.java</file>
            <file>file:/C:/Users/44789/Documents/NetBeansProjects/HyperMart/src/hypermart/productsList.java</file>
            <file>file:/C:/Users/44789/Documents/NetBeansProjects/HyperMart/src/hypermart/MainJFrame.java</file>
            <file>file:/C:/Users/44789/Documents/NetBeansProjects/HyperMart/src/hypermart/register.java</file>
            <file>file:/C:/Users/44789/Documents/NetBeansProjects/HyperMart/src/hypermart/product.java</file>
        </group>
    </open-files>
</project-private>
